journal,field,openalex_id,doi,title,publication_date,authors,cited_by_count,abstract,matched_keywords
American Economic Review,econ,https://openalex.org/W4406965573,https://doi.org/10.1257/aer.20211455,Regulating Conglomerates: Evidence from an Energy Conservation Program in China,2025-01-30,Chen Qiao-yi; Chen Zhao; Zhikuo Liu; Juan Carlos Suárez Serrato; Daniel Yi Xu,67,"We study a prominent energy regulation affecting large Chinese manufacturers that are part of broader conglomerates. Using detailed firm-level data and difference-in-differences research designs, we show that regulated firms cut output and shifted some production to unregulated firms within their conglomerate instead of improving their energy efficiency. To account for conglomerate and market spillovers, we interpret these results through the lens of an industry equilibrium model featuring conglomerate production. The policy raises welfare if the per ton benefits of carbon reduction exceed $161. Alternative policies that exploit public information on business networks can increase aggregate energy savings by 10 percent. (JEL D22, L22, L51, L60, P28, P31, Q48)",carbon
American Economic Review,econ,https://openalex.org/W4406965600,https://doi.org/10.1257/aer.20211145,Start-Up Costs and Market Power: Lessons from the Renewable Energy Transition,2025-01-30,Akshaya Jha; Gordon Leslie,25,"Firms expect to recover the fixed costs required to start production by earning positive operating profits in subsequent periods. We develop a dynamic competitive benchmark that accounts for start-up costs, showing that static markups overstate the rents attributable to market power in an electricity market where generators frequently stop and start production in response to rooftop solar output. We demonstrate that the large-scale expansion of solar capacity can lead to increases in the collective profitability of fossil fuel plants because competition softens at sunset—plants displaced by solar during the day must incur start-up costs to compete in the evening. (JEL D24, L13, L25, L94, Q41, Q42)",fossil fuel; renewable energy
American Economic Review,econ,https://openalex.org/W4408999048,https://doi.org/10.1257/aer.20230501,Fighting Climate Change: International Attitudes toward Climate Policies,2025-03-31,Antoine Dechezleprêtre; Adrien Fabre; Tobias Kruse; Bluebery Planterose; Ana Sánchez Chico; Stefanie Stantcheva,112,"This paper explores global perceptions and understanding of climate change and policies, examining factors that influence support for climate action and the impact of different types of information. We conduct large-scale surveys with 40,000 respondents from 20 countries, providing new international data on attitudes toward climate change and respondents’ socioeconomic backgrounds and lifestyles. We identify three key perceptions affecting policy support: perceived effectiveness of policies in reducing emissions, their impact on low-income households, and their effect on respondents’ households (self-interest). Educational videos clarifying policy mechanisms increase support for climate policies; those merely highlighting climate change’s impacts do not. (JEL C83, D83, D91, Q54, Q58)",climate; emission
American Economic Review,econ,https://openalex.org/W4409962861,https://doi.org/10.1257/aer.20230346,The Role of People versus Places in Individual Carbon Emissions,2025-05-01,Eva Lyubich,3,"There is substantial spatial heterogeneity in household carbon emissions. I leverage movers in two decades of administrative Decennial Census and American Community Survey data to estimate place effects—the amount by which carbon emissions change for the same household living in different places—for almost 1,000 cities and roughly 61,500 neighborhoods across the United States. I estimate that place effects account for 14–23 percent of overall heterogeneity. A change in neighborhood-level place effects from 1 standard deviation above the mean to 1 below would reduce household carbon emissions from residential energy and commuting by about 40 percent. (JEL D12, D15, L94, Q41, Q54, R11, R23)",carbon; emission
American Economic Review,econ,https://openalex.org/W4413791624,https://doi.org/10.1257/aer.20230761,Is Air Pollution Regulation Too Lenient? Evidence from US Offset Markets,2025-08-28,Joseph Shapiro; Reed Walker,4,"We develop a framework to estimate the marginal cost of air pollution regulation and apply it to assess policy efficiency. We exploit a provision of the Clean Air Act that requires new plants to pay incumbent facilities to reduce emissions. This “offset” policy creates hundreds of local pollution markets, differing by pollutant and location. Theory and transaction data suggest that offset prices reveal marginal abatement costs. We compare these prices to marginal benefits of pollution reduction estimated using leading air quality models and find that, on average, marginal benefits exceed marginal costs by more than a factor of ten. (JEL D61, H23, K32, Q52, Q53, Q58)",emission; pollution
American Economic Review,econ,https://openalex.org/W4416694440,https://doi.org/10.1257/aer.20220308,A Goldilocks Theory of Fiscal Deficits,2025-11-26,Atif Mian; Ludwig Straub; Amir Sufi,1,"We develop a tractable framework for deficit and debt dynamics. A “free lunch” fiscal deficit—one that raises spending without higher future taxes—is sustainable without zero lower bound (ZLB) only when R &lt; G − φ, where φ is the sensitivity of the interest rate to the debt level. With the ZLB, both high and low deficits can increase debt, as the latter weaken demand and reduce nominal growth at the ZLB. A rise in income inequality expands fiscal space outside the ZLB, but contracts it at the ZLB. Calibrating the model, we find little space for “free lunch” policies for the United States in 2019, but significant space for Japan. (JEL D31, E23, E43, E62, H62, H63)",sustainable
Econometrica,econ,https://openalex.org/W4414150919,https://doi.org/10.3982/ecta20153,Can Trade Policy Mitigate Climate Change?,2025-01-01,Farid Farrokhi; Ahmad Lashkaripour,9,"Trade policy is often cast as a solution to the free‐riding problem in international climate agreements. This paper examines the extent to which trade policy can deliver on this promise. We incorporate global supply chains of carbon and climate externalities into a multi‐country, multi‐industry general equilibrium trade model. By deriving theoretical formulas for optimal carbon and border taxes, we quantify the maximum efficacy of two trade policy solutions to the free‐riding problem. Adding optimal carbon border taxes to existing tariffs proves largely ineffective, delivering only 3.4% of what could be achieved under globally optimal carbon pricing. In contrast, Nordhaus's (2015) climate club framework, in which border taxes are used as contingent penalties to deter free‐riding, can achieve 33–68% of the globally optimal carbon reduction, depending on the initial coalition (EU, EU + US, or EU + US + China). In all cases, the climate club ensures universal compliance, thereby preserving free trade.",climate; carbon
Econometrica,econ,https://openalex.org/W4408885678,https://doi.org/10.3982/ecta22923,Cap‐and‐Trade and Carbon Tax Meet Arrow–Debreu,2025-01-01,Robert M. Anderson; Haosui Duanmu,5,"We propose two general equilibrium models, quota equilibrium, and emission tax equilibrium. Government specifies quotas or taxes on emissions, and then refrains from further action. All results remain valid regardless of how government chooses its emissions target. Quota equilibrium exists; the allocation of emission property rights impacts the distribution of welfare. If the only externality arises from total net emissions, quota equilibrium is Pareto optimal among all feasible outcomes with the same total net emissions. For certain tax rates, emission tax equilibrium may not exist. Every quota equilibrium can be realized as an emission tax equilibrium and vice versa. However, different quota prices may arise in equilibrium from a single quota, and different emission levels may arise in equilibrium from a single tax rate. This leads to inequivalence between quota and emission tax equilibria.",carbon; emission
Econometrica,econ,https://openalex.org/W4410940470,https://doi.org/10.3982/ecta20411,"Soaking up the Sun: Battery Investment, Renewable Energy, and Market Equilibrium",2025-01-01,R. Andrew Butters; Jackson Dorsey; Gautam Gowrisankaran,3,"Renewable energy and battery storage are seen as complementary technologies that can together facilitate reductions in carbon emissions. We develop and estimate a framework to calculate the equilibrium effects of large‐scale battery storage. Using data from California, we find that the first storage unit breaks even by 2024 without subsidies when the renewable energy share reaches 50%. Equilibrium effects are important: the first 5000 MWh of storage capacity would reduce wholesale electricity prices by 5.6%, but an increase from 25,000 to 50,000 MWh would only reduce these prices by 2.6%. Large‐scale batteries will reduce revenues to both dispatchable generators and renewable energy sources. The equilibrium effects lead battery adoption to be virtually non‐existent until 2030, without a storage mandate or subsidy. A 30% capital cost subsidy—such as the one in the U.S. Inflation Reduction Act—achieves 5000 MWh of battery capacity by 2024, similar to the level required under California's storage mandate.",carbon; renewable energy; emission
Econometrica,econ,https://openalex.org/W4414150936,https://doi.org/10.3982/ecta22749,Running Primary Deficits Forever in a Dynamically Efficient Economy: Feasibility and Optimality,2025-01-01,Andrew B. Abel; Stavros Panageas,1,"Government debt can be rolled over forever without primary surpluses in some stochastic economies, including some economies that are dynamically efficient. In an overlapping‐generations model with constant growth rate, g , of labor‐augmenting productivity, and with shocks to the durability of capital, we show that along a balanced growth path, the maximum sustainable ratio of bonds to capital is attained when the risk‐free interest rate, r f , equals g . Furthermore, this maximal ratio maximizes utility per capita along a balanced growth path and ensures that the economy is dynamically efficient.",sustainable
Journal of Political Economy,econ,https://openalex.org/W3205472959,https://doi.org/10.1086/734725,"Climate Change, the Food Problem, and the Challenge of Adaptation through Sectoral Reallocation",2025-01-09,Ishan Nath,45,"This paper evaluates the potential for global reallocation between agricultural and nonagricultural production to contribute to climate change adaptation. Empirical estimates using a global sample of firms suggest that rising temperatures reduce productivity less in nonagriculture than angriculture, implying large potential gains if hot countries could increase food imports and shift labor toward manufacturing. However, model counterfactuals show that subsistence consumption needs and high trade barriers combine to create a “food problem” in which climate change instead intensifies agricultural specialization in especially vulnerable regions. Simulations suggest that reducing trade barriers can significantly reduce climate damages, especially in poor countries.",climate
Journal of Political Economy,econ,https://openalex.org/W4406322196,https://doi.org/10.1086/734779,Policy Uncertainty in the Market for Coal Electricity: The Case of Air Toxics Standards,2025-01-13,Gautam Gowrisankaran; Ashley Langer; Wendan Zhang,2,"Government policy uncertainty affects irreversible decisions including technology adoption and exit. This paper quantifies uncertainty surrounding the Mercury and Air Toxics Standards (MATS). We estimate a dynamic oligopoly model for coal-fired electricity generators that recovers generators’ beliefs regarding future MATS enforcement. We develop the approximate belief oligopoly equilibrium concept, where players understand that their decisions impact aggregate market states. MATS enforcement created substantial uncertainty: the perceived enforcement probability dropped to 43%. Resolving uncertainty early would increase profits by $1.39 billion but also increase pollution costs by $0.652–$1.776 billion. Had exit been unlikely, resolving uncertainty early would have decreased pollution.",pollution
Journal of Political Economy,econ,https://openalex.org/W4406650393,https://doi.org/10.1086/734875,Panics and Early Warnings,2025-01-21,Deepal Basak; Zhen Zhou,1,"We study optimal adversarial information design in a dynamic regime change game. Agents decide when to attack, if at all. We assume (1) delay incurs a continuous cost and (2) agents doubt the correctness of their actions. The game may end in a “disaster” due to weak fundamentals or panic—agents attacking despite sound fundamentals. We propose a “timely disaster alert” that promptly warns about impending disasters, making waiting for and following the alert the unique rationalizable strategy, thereby eliminating panic. We relate this optimal policy to early-warning systems such as bank stress tests and debt sustainability analysis.",sustainability
Journal of Political Economy,econ,https://openalex.org/W4407898316,https://doi.org/10.1086/735506,"Soil Heterogeneity, Social Learning, and the Formation of Close-Knit Communities",2025-02-24,Itzchak Tzachi Raz,1,"This paper examines how environmental heterogeneity influences the formation of close-knit communities. I provide support for the social learning hypothesis, which posits that diverse environmental conditions limited American farmers’ ability to learn from neighbors, weakening communal ties. I document a negative county-level association between soil heterogeneity and close-knit communities. Using individual-level data on nineteenth-century domestic migrants, I show that this association is not driven by selective in-migration and document farmers’ cultural adaptation using a difference-in-differences framework. Focusing on mechanisms, I show that soil heterogeneity slowed farmers’ agricultural learning and prompted those who depended on social networks to migrate elsewhere.",environmental
Journal of Political Economy,econ,https://openalex.org/W4411369400,https://doi.org/10.1086/737236,Leveraging the Disagreement on Climate Change: Theory and Evidence,2025-06-17,Laura Bakkensen; Toàn Phan; Tsz-Nga Wong,2,,climate
Journal of Political Economy,econ,https://openalex.org/W4413273734,https://doi.org/10.1086/738139,Time-Limited Subsidies: Optimal Taxation with Implications for Renewable Energy Subsidies,2025-08-18,Michael Ricks; Owen Kay,2,,renewable energy
Journal of Political Economy,econ,https://openalex.org/W4415623274,https://doi.org/10.1086/739325,Efficiency and Redistribution in Environmental Policy: An Equilibrium Analysis of Agricultural Supply Chains,2025-10-28,Tomás Domínguez-Iino,1,,environmental
Quarterly Journal of Economics,econ,https://openalex.org/W4407240810,https://doi.org/10.1093/qje/qjaf009,Can Pollution Markets Work in Developing Countries? Experimental Evidence from India,2025-02-03,Michael Greenstone; Rohini Pande; Nicholas Ryan; Anant Sudarshan,10,"Abstract Market-based environmental regulations are seldom used in low-income countries, where pollution is highest but state capacity is often low. We collaborated with the Gujarat Pollution Control Board (GPCB) to design and experimentally evaluate the world’s first particulate-matter emissions market, which covered industrial plants in a large Indian city. There are three main findings. First, the market functioned well. Treatment plants, randomly assigned to the emissions market, traded permits to become significant net sellers or buyers. After trading, treatment plants held enough permits to cover their emissions 99% of the time, compared with just 66% compliance with standards under the command-and-control status quo. Second, treatment plants reduced pollution emissions, relative to control plants, by 20%–30%. Third, the market reduced abatement costs by an estimated 11%, holding constant emissions. This cost-savings estimate is based on plant-specific marginal cost curves that we estimate from the universe of bids to buy and sell permits in the market. The combination of pollution reductions and low costs imply that the emissions market has mortality benefits that exceed its costs by at least 25 times.",emission; pollution; environmental
Quarterly Journal of Economics,econ,https://openalex.org/W4410382978,https://doi.org/10.1093/qje/qjaf023,Lives Versus Livelihoods: The Impact of the Great Recession on Mortality and Welfare,2025-05-13,Amy Finkelstein; Matthew Notowidigdo; Frank Schilbach; Jonathan Zhang,3,"ABSTRACT We leverage spatial variation in the severity of the Great Recession across the United States to examine its impact on mortality and explore the quantitative implications. We estimate that an increase in the unemployment rate of the magnitude of the Great Recession reduces the average annual age-adjusted mortality rate by 2.3%, with effects persisting for at least 10 years. Mortality reductions appear across causes of death and are concentrated in the half of the population with a high school degree or less. We estimate similar percentage reductions in mortality at all ages, with declines in elderly mortality thus responsible for about three-quarters of the total mortality reduction. Recession-induced mortality declines are driven primarily by external effects of reduced aggregate economic activity on mortality, and reduced air pollution appears to be a quantitatively important mechanism. Incorporating our estimates of procyclical mortality into a standard macroeconomic framework substantially reduces the welfare costs of recessions, particularly for people with less education, and at older ages.",pollution
Review of Economic Studies,econ,https://openalex.org/W4408141482,https://doi.org/10.1093/restud/rdaf012,"Institutions, Comparative Advantage, and the Environment",2025-02-25,Joseph Shapiro,8,"Abstract This paper proposes that strong institutions provide comparative advantage in clean industries, and thereby improve a country’s environmental quality. I study financial, judicial, and labour market institutions. Five complementary tests evaluate and assess implications of this hypothesis. First, industries that depend on institutions are clean. Second, strong institutions increase relative exports in clean industries. Third, an industry’s complexity helps explain the link between institutions and clean goods. Fourth, cross-country differences in the composition of output between clean and dirty industries explain an important share of the global distribution of emissions. Fifth, a quantitative general equilibrium model indicates that strengthening a country’s institutions decreases its pollution through relocating dirty industries abroad, though increases pollution in other countries. The comparative advantage that strong institutions provide in clean industries gives one under-explored reason why developing countries have relatively high pollution levels.",emission; pollution; environmental
Review of Economic Studies,econ,https://openalex.org/W3185774210,https://doi.org/10.1093/restud/rdaf018,"“Bad” Oil, “Worse” Oil, and Carbon Misallocation",2025-03-11,Renaud Coulomb; Fanny Henriet; Léo Reitzmann,1,"Abstract Not all barrels of oil are created equal: their extraction varies in both private cost and carbon intensity. Leveraging a comprehensive micro-dataset on world oil fields, alongside detailed estimates of carbon intensities and private extraction costs, this study quantifies the additional emissions and costs from having extracted the “wrong” deposits. We do so by comparing historical deposit-level supplies to counterfactuals that factor in pollution costs, while keeping annual global consumption unchanged. Between 1992 and 2018, carbon misallocation amounted to at least 11.00 gigatons of CO2-equivalent (GtCO2eq), incurring an environmental cost evaluated at $2.2 trillion (US$ 2018). This translates into a significant supply-side ecological debt for major producers of high-carbon oil. Looking forward, we estimate the gains from making deposit-level extraction socially optimal at about 9.30 GtCO2eq, valued at $1.9 trillion, along a future aggregate demand pathway coherent with the objective of net-zero emissions in 2050, and document unequal reserve stranding across oil nations.",carbon; emission; pollution; environmental
Review of Economic Studies,econ,https://openalex.org/W3159672012,https://doi.org/10.1093/restud/rdaf024,Colluding Against Environmental Regulation,2025-04-12,Jorge Alé‐Chilet; Cuicui Chen; Jing Li; Mathias Reynaert,8,"Abstract We study collusion among firms against imperfectly monitored environmental regulation. Firms increase variable profits by violating regulation and reduce expected noncompliance penalties by violating jointly. We consider a case of three German automakers colluding to reduce the effectiveness of emissions control technology. By estimating a structural model of the European automobile industry from 2007 to 2018, we find that collusion lowers expected noncompliance penalties substantially and increases buyer and producer surplus. Due to increased pollution, welfare decreases by € 1.57–5.57 billion. We show how environmental policy design and antitrust play complementary roles in preventing noncompliance.",emission; pollution; environmental
Review of Economic Studies,econ,https://openalex.org/W4410615031,https://doi.org/10.1093/restud/rdaf031,Efficient Conservation of the Brazilian Amazon: Estimates from a Dynamic Model,2025-05-06,R. Nazaré O. de Araújo; Francisco Costa; Marcelo Castello Branco Sant'Anna,4,"Abstract This paper estimates the Brazilian Amazon’s carbon-efficient forest cover—i.e. when farmers internalize the social cost of carbon. We propose a dynamic discrete choice land-use model and estimate it using a panel of land use and carbon stock of 5.7 billion pixels between 2008 and 2017. The business-as-usual scenario implies an inefficient release of 42 billion tons of CO2 in the long run, resulting from the deforestation of an area twice the size of France. A carbon tax that makes farmers internalize the social cost of carbon would implement the efficient allocation and generate welfare gains exceeding 1.6 trillion dollars. Responses from a carbon tax are highly convex: a carbon tax of only $10/ton would preserve 95% of the efficient carbon stock. An excise tax on cattle ranching, a second-best policy, achieves at most 87% of the first-best welfare gains.",carbon; deforestation
Review of Economic Studies,econ,https://openalex.org/W3183258333,https://doi.org/10.1093/restud/rdaf088,The Origins and Control of Forest Fires in the Tropics,2025-10-01,Clare Balboni; Robin Burgess; Benjamin Olken,16,"Abstract Environmental externalities—uncompensated damages imposed on others—lie at the root of climate change, pollution, deforestation and biodiversity loss. Empirical evidence is limited, however, as to how externalities drive private decision making. We study one such behaviour, illegal tropical forest fires, using 15 years of daily satellite data covering over 107,000 fires across Indonesia. Weather-induced variation in fire spread risk and variation in who owns surrounding land allow us to identify how far externalities influence the decision to use fire. Relative to when all spread risks are internalized, we find that firms overuse fire when surrounded by unleased government lands where property rights are weak. In contrast, and consistent with the Coase Theorem, firms treat risks to nearby private concessions similarly to risks to their own land. Government sanctions, concentrated on fires spreading to populated areas, also deter fires, consistent with Pigouvian deterrence.",climate; biodiversity; deforestation; pollution; environmental
Review of Economic Studies,econ,https://openalex.org/W4416736956,https://doi.org/10.1093/restud/rdaf095,All Along the Watchtower: Military Landholders and Serfdom Consolidation in Early Modern Russia,2025-11-27,Andrea Matranga; Timur Natkhov,1,"Abstract This article examines the emergence of coercive labour institutions using the case of serfdom in early modern Russia. We argue that serfdom consolidated under the pressure of landholding military elites who gained political influence due to the prolonged struggle with steppe nomads. To contain nomadic raids, the Russian state erected defence lines on the southern frontier, and granted land in the area to soldiers in charge of its defence. The soldiers could not farm while on defence duty, nor could they compete in the market for peasant labour, as the land had been selected for its defensive rather than agricultural value. The system was therefore only sustainable by restricting labour mobility. In response to the volume of landholders’ collective petitions, the Russian state gradually tied peasants to the land and institutionalized serfdom in the written law. Using newly digitized population data from the 17th century, we show a higher prevalence of serfs and military landholders in districts on the defence line. We also find a higher prevalence of small estates—up to 25 serf households—sufficient to support a soldier and his family. Placebo tests show that these patterns do not hold for non-serf peasants, or for merchants and artisans. To ensure causality, we develop a novel algorithm that reconstructs the optimal invasion routes for nomads and pinpoints the optimal location of the defence line using topographic data. Our results highlight the primacy of political economy factors over purely economic ones, such as the land–labour ratio or the grain trade, in the development of serfdom. This sheds new light on the possible mechanisms of institutional divergence between Eastern and Western Europe in the early modern period.",sustainable
Journal of Finance,finance,https://openalex.org/W4406319749,https://doi.org/10.1111/jofi.13416,Pricing Poseidon: Extreme Weather Uncertainty and Firm Return Dynamics,2025-01-13,Mathias S. Kruttli; Brigitte Roth Tran; Sumudu W. Watugala,50,"ABSTRACT We empirically analyze firm‐level uncertainty generated from extreme weather events, guided by a theoretical framework. Stock options of firms with establishments in a hurricane's (forecast) landfall region exhibit large implied volatility increases, reflecting significant uncertainty (before) after impact. Volatility risk premium dynamics reveal that investors underestimate such uncertainty. This underreaction diminishes for hurricanes after Sandy, a salient event that struck the U.S. financial center. Despite constituting idiosyncratic shocks, hurricanes affect hit firms' expected stock returns. Textual analysis of calls between firm management, analysts, and investors reveals that discussions about hurricane impacts remain elevated throughout the long‐lasting high‐uncertainty period after landfall.",extreme weather; weather uncertainty
Journal of Finance,finance,https://openalex.org/W4406710300,https://doi.org/10.1111/jofi.13425,The Allocation of Socially Responsible Capital,2025-01-22,Dan Green; Benjamin Roth,33,"ABSTRACT Portfolio allocation decisions increasingly incorporate social values. We develop a tractable framework to study how competition between investors to own socially valuable assets affects social welfare. Relative to the most common social‐investing strategies, we identify alternative strategies that result in higher impact and higher financial returns. We identify strategies for investors to have impact when impact is difficult to measure. From the firm's perspective, increasing profitability can have greater impact than directly increasing social value. We present new empirical evidence on the social preferences of investors that demonstrates the practical relevance of our theory.",socially responsible
Journal of Finance,finance,https://openalex.org/W4407049277,https://doi.org/10.1111/jofi.13427,Feedback Effects and Systematic Risk Exposures,2025-01-30,Snehal Banerjee; Bradyn M. Breon-Drish; Kevin M. Smith,8,"ABSTRACT We model the “feedback effect” of a firm's stock price on investment in projects exposed to a systematic risk factor, like climate risk. The stock price reflects information about both the project's cash flows and its discount rate. A cash‐flow‐maximizing manager treats discount rate fluctuations as “noise,” but a price‐maximizing manager interprets such variation as information about the project's net present value. This difference qualitatively changes how investment behavior varies with the project's risk exposure. Moreover, traditional objectives (e.g., cash flow or price maximization) need not maximize welfare because they do not correctly account for hedging and risk‐sharing benefits of investment.",climate; climate risk
Journal of Finance,finance,https://openalex.org/W4414629200,https://doi.org/10.1111/jofi.13499,Green Window Dressing,2025-09-29,Gianpaolo Parise; Mirco Rubin,2,"ABSTRACT This paper establishes that mutual funds strategically time their trades in environmental, social, and governance (ESG) stocks around disclosure dates to inflate their sustainability ratings. This claim is supported by three empirical findings. First, we show that funds' ESG betas increase shortly before disclosure and decrease shortly afterwards. Second, we document that post‐disclosure fund returns are higher but have lower ESG exposure than disclosed portfolios. Third, we provide evidence that ESG stock prices temporarily rise before disclosure and decline afterwards. Overall, we establish that green window dressing positively impacts fund sustainability ratings, performance, and flows.",esg; sustainability; environmental
Journal of Finance,finance,https://openalex.org/W4414626773,https://doi.org/10.1111/jofi.13498,"ESG News, Future Cash Flows, and Firm Value",2025-09-30,François Derrien; Philipp Krüger; Augustin Landier; Tianhao Yao,7,"ABSTRACT We investigate the expected consequences of negative environmental, social, and governance (ESG) news on firms' future profits. After learning about negative ESG news, analysts significantly downgrade their forecasts at short and longer horizons. Negative ESG news affects forecasts more strongly at longer horizons than other types of negative corporate news. The negative revisions of earnings forecasts following negative ESG news largely reflect expectations of lower future sales, rather than higher future costs. Quantitatively, forecast revisions can explain most of the negative impacts of ESG news on firm value. Analysts are correct to revise forecasts downward following negative ESG news.",esg; environmental
Journal of Finance,finance,https://openalex.org/W4417351197,https://doi.org/10.1111/jofi.70004,An Economic View of Corporate Social Impact,2025-12-15,Hunt Allcott; Giovanni Montanari; Bora Ozaltun; Brandon Tan,0,"ABSTRACT Growing discussions of impact investing and stakeholder capitalism have increased interest in measuring companies' social impact. We conceptualize corporate social impact as the welfare loss that would be caused by a firm's exit. To illustrate, we quantify the social impacts of 74 firms in 12 industries using a new survey measuring consumer and worker substitution patterns combined with models of product and labor markets. We find that consumer surplus is the primary component of social impact, suggesting that consumer impacts deserve more attention from impact investors. Existing environmental, social, and governance (ESG) and social impact ratings are essentially unrelated to our economically grounded measures.",esg; impact invest; environmental
Journal of Financial Economics,finance,https://openalex.org/W4406791808,https://doi.org/10.1016/j.jfineco.2024.103991,ESG: A panacea for market power?,2025-01-24,Philip Bond; Doron Levit,14,,esg
Journal of Financial Economics,finance,https://openalex.org/W4410079896,https://doi.org/10.1016/j.jfineco.2025.104070,Redeploying dirty assets: The impact of environmental,2025-05-05,Jason Chen,2,,environmental
Journal of Financial Economics,finance,https://openalex.org/W4410779021,https://doi.org/10.1016/j.jfineco.2025.104076,CRISK: Measuring the climate risk exposure of the financial system,2025-05-27,Hyeyoon Jung; Robert Engle; Richard Berner,37,,climate; climate risk
Journal of Financial Economics,finance,https://openalex.org/W4410841599,https://doi.org/10.1016/j.jfineco.2025.104105,"Too Levered for Pigou: Carbon pricing, financial constraints, and leverage regulation",2025-05-29,Robin Döttling; Magdalena Rola-Janicka,6,,carbon
Journal of Financial Economics,finance,https://openalex.org/W4412906955,https://doi.org/10.1016/j.jfineco.2025.104129,Measurement and effects of bank exit policies,2025-08-04,Dan Green; B L Vallee,11,"We study whether exit policies by financial institutions have financial and real consequences on the firms they target, using bank coal exit policies as a laboratory. In contrast to theories assuming high capital substitutability, we find large effects of these policies. Bank exit policies negatively affect both the financing and operation of coal assets. Substitution to other sources and providers of capital appears to be limited. Coal power plants owned by firms exposed to exit policies are more likely to retire, translating into lower CO2 emissions. Exit policies have reduced CO2e emissions from energy production by an estimated 0.62 gigaton.",emission
Journal of Financial Economics,finance,https://openalex.org/W4412906806,https://doi.org/10.1016/j.jfineco.2025.104147,"Polarization, purpose and profit",2025-08-04,Daniel Ferreira; Radoslawa Nikolowa,1,"We present a model in which firms compete for workers who value nonpecuniary job attributes, such as purpose, sustainability, political stances, or working conditions. Firms adopt production technologies that enable them to offer jobs with varying levels of these desirable attributes. Firms’ profits are higher when they cater to workers with extreme preferences. In a competitive assignment equilibrium, firms become polarized and not only reflect but also amplify the polarized preferences of the general population. More polarized sectors exhibit higher profits, lower average wages, and a reduced labor share of value added. Sustainable investing amplifies firm polarization.",sustainable; sustainability
Journal of Financial Economics,finance,https://openalex.org/W4413142703,https://doi.org/10.1016/j.jfineco.2025.104151,Responsible investing: Costs and benefits for university endowment funds,2025-08-09,George O. Aragon; Yuxiang Jiang; Juha Joenväärä; Cristian Ioan Tiu,3,,responsible invest
Journal of Financial Economics,finance,https://openalex.org/W4413986054,https://doi.org/10.1016/j.jfineco.2025.104150,ESG lending,2025-09-04,Sehoon Kim; Nitish Kumar; Jongsub Lee; Junho Oh,5,,esg
Journal of Financial Economics,finance,https://openalex.org/W4415757242,https://doi.org/10.1016/j.jfineco.2025.104167,The canary in the coal decline: Appalachian household finance and the transition from fossil fuels,2025-11-01,Joshua Blonz; Brigitte Roth Tran; Erin Troland,1,,fossil fuel
Review of Financial Studies,finance,https://openalex.org/W4406925094,https://doi.org/10.1093/rfs/hhaf003,Retraction of: Mortgage Finance and Climate Change: Securitization Dynamics in the Aftermath of Natural Disasters,2025-01-30,,0,,climate
Review of Financial Studies,finance,https://openalex.org/W4410957163,https://doi.org/10.1093/rfs/hhaf035,Does Private Equity Ownership Make Firms Cleaner? The Role of Environmental Liability Risks,2025-06-02,Aymeric Bellon,4,"Abstract This paper shows that private equity (PE) ownership, in private-to-private buyouts, leads to a reduction in pollution when the target company faces high potential liabilities for polluting. Conversely, PE-backed firms increase pollution when environmental liability risks are low, as shown by a novel natural experiment that reduced these risks for projects located on federal land. Exploiting specific PE deals within the energy industry, I find that PE governance is the main driver of the results. The results suggest that increasing litigation and regulation-related risks can mitigate the potentially detrimental effects of PE ownership on stakeholders.",pollution; environmental
Review of Financial Studies,finance,https://openalex.org/W4414494073,https://doi.org/10.1093/rfs/hhaf054,Willingness to Pay for Carbon Mitigation: Field Evidence from the Market for Carbon Offsets,2025-09-23,Matthias Rodemeier,0,"Abstract This paper estimates willingness to pay (WTP) for carbon mitigation from demand for carbon offsets in a field experiment with an online supermarket. The experiment randomizes whether the firm subsidizes the price of the offset or matches the offset’s impact on carbon mitigation. Consumers are price-elastic but fully impact-inelastic, implying that they buy the offset but their WTP for the carbon it mitigates is zero. If the firm informs consumers that it contributes to the offset costs, WTP increases to 16 EUR/tCO$ {}_{2} $. A complementary survey shows that consumers’ stated WTP is 238 EUR/tCO$ {}_{2} $, far above their revealed preferences.",carbon
Review of Financial Studies,finance,https://openalex.org/W4415197863,https://doi.org/10.1093/rfs/hhaf083,The Pace of Change: Socially Responsible Investing in Private Markets,2025-10-04,Deeksha Gupta; Alexandr Kopytov; Jan Starmans,2,"Abstract We show that socially responsible investors can have a negative impact by slowing the pace of firm reform. Investors with broad prosocial preferences value acquiring dirty firms with high negative production externalities because they can reform these firms. The anticipation of trading gains for dirty firms decreases the incentive of current firm owners to reduce externalities proactively, potentially causing delay in reform. The presence of financial investors—alongside socially responsible investors—can exacerbate delay. Investment mandates through which socially responsible investors commit to paying a premium for green firms can incentivize reform in a timely manner.",responsible invest; socially responsible
Review of Financial Studies,finance,https://openalex.org/W4415012838,https://doi.org/10.1093/rfs/hhaf084,Are All ESG Funds Created Equal? Only Some Funds Are Committed,2025-10-06,Michelle Lowry; Pingle Wang; Kelsey D. Wei,2,"Abstract Environmental, social, and governance (ESG) funds have heterogeneous incentives to engage with portfolio firms. If funds view ESG as a value driver, then these incentives will affect funds’ behavior and thus their impact on firms. We compare ESG funds with similar levels of ESG investments but different incentives to engage. Funds with higher incentives to engage, that is, committed ESG funds, conduct more ESG-related information acquisition, pursue longer term investment strategies, engage more intensely on ESG issues, and have greater real impacts. Moreover, committed ESG funds have outperformed other ESG funds within subportfolios with higher and more effective ESG engagement.",esg; environmental
